kode_balita,nama_samar,usia_bulan,jenis_kelamin,tinggi_badan_cm,haz,status_gizi,tren_memburuk,c1,c2,c3,c4,c5,c6,c7,kelengkapan
BAL-0001,Lukman E.,25,Perempuan,82.78,-1.704,normal,Ya,3,5,4,3,2,4,3,7/7
BAL-0002,Indra C.,28,Laki-Laki,88.93,-0.261,normal,Tidak,1,2,2,3,2,4,5,7/7
BAL-0003,Citra G.,21,Laki-Laki,80.96,-1.312,normal,Ya,3,5,2,3,4,3,2,7/7
BAL-0004,Joko A.,49,Perempuan,104.19,0.091,normal,Tidak,1,1,2,1,3,4,1,7/7
BAL-0005,Lukman F.,1,Perempuan,50.71,-1.087,normal,Tidak,2,3,3,2,4,3,4,7/7
BAL-0006,Galih H.,40,Perempuan,98.66,0.01,normal,Tidak,1,1,,2,1,3,,5/7
BAL-0007,Wahyu B.,34,Perempuan,96.73,0.742,normal,Tidak,1,1,2,3,2,3,3,7/7
BAL-0008,Hesti D.,10,Perempuan,66.35,-2.591,stunted,Tidak,4,1,2,3,1,3,5,7/7
BAL-0009,Sinta F.,37,Laki-Laki,88.53,-2.551,stunted,Ya,5,4,2,4,5,4,3,7/7
BAL-0010,Maya D.,31,Laki-Laki,96.69,1.597,tinggi,Tidak,1,3,2,2,1,2,3,7/7
BAL-0011,Zahra E.,34,Perempuan,91.32,-0.982,normal,Ya,2,3,2,2,1,2,1,7/7
BAL-0012,Putra B.,19,Perempuan,79.17,-1.397,normal,Ya,3,1,1,3,1,3,1,7/7
BAL-0013,Eka H.,59,Laki-Laki,106.33,-0.848,normal,Tidak,1,1,2,3,4,3,3,7/7
BAL-0014,Yusuf G.,12,Perempuan,70.66,-1.865,normal,Ya,3,2,1,3,1,2,2,7/7
BAL-0015,Oktavia G.,31,Laki-Laki,98.59,2.223,tinggi,Tidak,1,1,1,1,1,2,2,7/7
BAL-0016,Zahra H.,23,Laki-Laki,89.65,1.163,tinggi,Tidak,1,2,3,1,2,1,2,7/7
BAL-0017,Indra H.,35,Laki-Laki,103.2,2.511,tinggi,Tidak,1,2,1,1,1,1,1,7/7
BAL-0018,Citra F.,52,Perempuan,106.0,0.122,normal,Tidak,1,1,,2,,5,1,5/7
BAL-0019,Gita B.,45,Laki-Laki,88.89,-3.737,severely stunted,Ya,5,1,4,4,4,2,3,7/7
BAL-0020,Ilham E.,15,Perempuan,79.11,0.038,normal,Tidak,1,2,1,2,1,3,1,7/7
BAL-0021,Putra E.,16,Laki-Laki,83.35,1.175,tinggi,Tidak,1,1,1,2,3,3,2,7/7
BAL-0022,Wahyu H.,1,Laki-Laki,50.51,-1.191,normal,Tidak,2,1,1,1,1,2,3,7/7
BAL-0023,Hana C.,11,Laki-Laki,69.77,-1.741,normal,Tidak,2,1,3,3,4,4,1,7/7
BAL-0024,Rafi A.,34,Perempuan,89.18,-1.667,normal,Tidak,2,4,3,3,5,5,4,7/7
BAL-0025,Wahyu B.,13,Perempuan,79.6,1.031,tinggi,Tidak,1,1,1,3,2,4,2,7/7
BAL-0026,Fitri F.,8,Perempuan,65.76,-1.865,normal,Ya,3,3,,2,4,,3,5/7
BAL-0027,Bella B.,44,Perempuan,100.55,-0.144,normal,Tidak,1,5,1,4,1,2,1,7/7
BAL-0028,Wahyu F.,41,Laki-Laki,91.93,-2.234,stunted,Tidak,4,3,2,1,3,5,2,7/7
BAL-0029,Dewi G.,31,Laki-Laki,90.65,-0.397,normal,Tidak,1,4,2,2,2,5,2,7/7
BAL-0030,Vina D.,36,Laki-Laki,102.45,1.984,tinggi,Tidak,1,1,1,1,1,1,1,7/7
BAL-0031,Hesti G.,52,Perempuan,101.93,-1.019,normal,Tidak,2,4,,3,1,,4,5/7
BAL-0032,Citra E.,45,Perempuan,107.76,1.813,tinggi,Tidak,1,1,2,4,1,1,1,7/7
BAL-0033,Rafi G.,11,Perempuan,76.89,0.964,normal,Tidak,1,1,1,1,1,3,1,7/7
BAL-0034,Maya G.,1,Perempuan,52.43,-0.213,normal,Tidak,1,1,1,2,1,1,1,7/7
BAL-0035,Galih G.,21,Laki-Laki,84.64,-0.021,normal,Tidak,1,1,2,,2,,,4/7
BAL-0036,Oktavia E.,15,Perempuan,69.42,-3.484,severely stunted,Tidak,5,3,3,2,2,,,5/7
BAL-0037,Bella E.,33,Laki-Laki,93.95,0.129,normal,Tidak,1,4,,3,1,,2,5/7
BAL-0038,Yusuf B.,16,Perempuan,71.91,-2.96,stunted,Ya,5,3,4,,,4,,4/7
BAL-0039,Ilham A.,58,Perempuan,113.97,1.384,tinggi,Ya,2,1,2,1,1,2,1,7/7
BAL-0040,Dewi B.,27,Laki-Laki,89.55,0.17,normal,Tidak,1,2,1,2,1,3,1,7/7
BAL-0041,Oktavia G.,29,Laki-Laki,86.93,-1.146,normal,Tidak,2,1,1,3,3,3,2,7/7
BAL-0042,Galih B.,12,Laki-Laki,72.37,-1.234,normal,Tidak,2,2,1,3,3,3,5,7/7
BAL-0043,Hana H.,50,Laki-Laki,110.56,1.734,tinggi,Tidak,1,4,2,3,3,3,2,7/7
BAL-0044,Ilham H.,11,Perempuan,71.86,-0.945,normal,Tidak,1,1,1,3,2,1,3,7/7
BAL-0045,Ahmad E.,26,Laki-Laki,86.42,-0.676,normal,Tidak,1,1,4,3,3,3,2,7/7
BAL-0046,Candra E.,20,Laki-Laki,80.01,-1.373,normal,Tidak,2,1,4,1,2,1,2,7/7
BAL-0047,Gita G.,14,Laki-Laki,69.41,-3.108,severely stunted,Ya,5,5,,2,5,,,4/7
BAL-0048,Candra H.,55,Laki-Laki,98.06,-2.541,stunted,Tidak,4,2,2,,,4,,4/7
BAL-0049,Umar D.,52,Perempuan,103.68,-0.529,normal,Tidak,1,4,4,2,4,3,2,7/7
BAL-0050,Umar E.,59,Laki-Laki,104.46,-1.356,normal,Tidak,2,1,2,3,1,5,3,7/7
BAL-0051,Bella D.,19,Laki-Laki,80.24,-1.017,normal,Tidak,2,5,3,5,2,2,1,7/7
BAL-0052,Candra G.,11,Perempuan,72.75,-0.609,normal,Tidak,1,3,1,2,1,3,2,7/7
BAL-0053,Tirta B.,46,Laki-Laki,104.9,0.797,normal,Tidak,1,1,2,1,1,4,1,7/7
BAL-0054,Galih F.,24,Perempuan,89.14,0.702,normal,Tidak,1,1,1,1,1,3,4,7/7
BAL-0055,Gita B.,9,Perempuan,71.88,0.094,normal,Tidak,1,1,1,2,,1,,5/7
BAL-0056,Galih A.,43,Perempuan,101.5,0.311,normal,Tidak,1,1,3,1,4,4,4,7/7
BAL-0057,Eka H.,47,Laki-Laki,103.17,0.125,normal,Tidak,1,1,1,3,,,2,5/7
BAL-0058,Wahyu E.,22,Laki-Laki,84.35,-0.4,normal,Tidak,1,2,1,3,1,4,1,7/7
BAL-0059,Wahyu B.,34,Laki-Laki,92.34,-0.659,normal,Tidak,1,2,2,3,4,2,1,7/7
BAL-0060,Jihan B.,24,Laki-Laki,84.53,-0.885,normal,Tidak,1,3,2,2,1,3,2,7/7
BAL-0061,Wahyu G.,7,Perempuan,69.75,0.337,normal,Tidak,1,5,,1,,,2,4/7
BAL-0062,Vina A.,36,Laki-Laki,90.81,-1.653,normal,Tidak,2,1,3,3,1,4,3,7/7
BAL-0063,Umar B.,16,Perempuan,70.66,-3.413,severely stunted,Tidak,5,5,4,4,5,5,3,7/7
BAL-0064,Lukman A.,35,Perempuan,85.74,-3.002,severely stunted,Tidak,5,1,5,,,4,,4/7
BAL-0065,Nabil A.,4,Laki-Laki,59.53,-1.001,normal,Ya,3,2,5,4,3,2,3,7/7
BAL-0066,Hesti F.,7,Laki-Laki,63.68,-2.226,stunted,Ya,5,5,4,4,3,3,2,7/7
BAL-0067,Indra B.,52,Laki-Laki,95.66,-2.777,stunted,Tidak,4,2,4,4,5,5,4,7/7
BAL-0068,Candra C.,3,Perempuan,61.6,1.355,tinggi,Tidak,1,1,3,4,2,3,1,7/7
BAL-0069,Vina G.,57,Perempuan,101.67,-1.83,normal,Tidak,2,1,3,3,3,3,2,7/7
BAL-0070,Qonita D.,39,Laki-Laki,104.38,1.964,tinggi,Tidak,1,1,1,1,1,1,3,7/7
BAL-0071,Fajar C.,28,Perempuan,95.36,1.907,tinggi,Tidak,1,1,1,1,1,1,2,7/7
BAL-0072,Sinta G.,18,Laki-Laki,83.55,0.445,normal,Tidak,1,1,1,1,2,4,1,7/7
BAL-0073,Hana D.,13,Laki-Laki,73.1,-1.363,normal,Tidak,2,5,,,3,,2,4/7
BAL-0074,Fajar F.,33,Laki-Laki,88.21,-1.723,normal,Ya,3,2,2,3,1,4,2,7/7
BAL-0075,Dimas A.,14,Perempuan,75.17,-0.997,normal,Tidak,1,4,1,4,1,3,3,7/7
BAL-0076,Vina G.,12,Laki-Laki,77.46,0.653,normal,Ya,2,1,1,2,2,3,1,7/7
BAL-0077,Dimas F.,5,Perempuan,59.24,-2.424,stunted,Tidak,4,1,2,2,4,4,4,7/7
BAL-0078,Umar D.,33,Perempuan,92.63,-0.297,normal,Tidak,1,1,,5,,,1,4/7
BAL-0079,Fajar G.,56,Laki-Laki,97.34,-2.878,stunted,Ya,5,1,4,4,4,3,1,7/7
BAL-0080,Sinta D.,5,Perempuan,64.33,-0.144,normal,Tidak,1,2,3,1,2,3,3,7/7
BAL-0081,Adit B.,3,Perempuan,58.81,0.028,normal,Tidak,1,4,2,4,2,4,2,7/7
BAL-0082,Tirta H.,13,Perempuan,81.1,1.584,tinggi,Tidak,1,1,,1,2,3,,5/7
BAL-0083,Galih D.,37,Laki-Laki,98.65,0.595,normal,Ya,2,1,1,3,1,4,2,7/7
BAL-0084,Joko C.,26,Perempuan,79.37,-3.077,severely stunted,Tidak,5,1,3,5,2,3,2,7/7
BAL-0085,Umar C.,57,Laki-Laki,106.9,-0.396,normal,Tidak,1,2,,1,2,1,,5/7
BAL-0086,Fitri E.,60,Perempuan,112.44,0.659,normal,Tidak,1,1,2,1,2,3,1,7/7
BAL-0087,Fitri D.,31,Perempuan,95.67,1.26,tinggi,Tidak,1,1,1,2,1,1,2,7/7
BAL-0088,Adit F.,21,Perempuan,85.67,0.339,normal,Tidak,1,1,3,2,,,1,5/7
BAL-0089,Xena C.,27,Laki-Laki,90.14,0.368,normal,Tidak,1,2,3,2,1,5,3,7/7
BAL-0090,Hana F.,7,Perempuan,64.47,-1.891,normal,Ya,3,2,1,2,3,4,4,7/7
BAL-0091,Ilham C.,58,Laki-Laki,102.68,-1.697,normal,Tidak,2,5,2,1,4,4,2,7/7
BAL-0092,Kaisa D.,57,Perempuan,109.83,0.406,normal,Tidak,1,1,2,2,2,3,1,7/7
BAL-0093,Dewi D.,5,Laki-Laki,70.22,2.495,tinggi,Tidak,1,1,1,1,1,1,1,7/7
BAL-0094,Nabil C.,26,Perempuan,80.2,-2.794,stunted,Tidak,4,4,,4,5,,2,5/7
BAL-0095,Fajar B.,7,Perempuan,66.66,-0.966,normal,Tidak,1,2,2,2,3,5,1,7/7
BAL-0096,Wahyu G.,49,Perempuan,98.62,-1.492,normal,Tidak,2,1,1,1,1,4,2,7/7
BAL-0097,Maya G.,41,Laki-Laki,99.65,0.118,normal,Tidak,1,1,4,3,3,4,4,7/7
BAL-0098,Hana A.,3,Laki-Laki,54.73,-1.912,normal,Ya,3,5,4,2,4,3,2,7/7
BAL-0099,Galih B.,31,Perempuan,88.68,-1.045,normal,Tidak,2,1,2,3,2,4,3,7/7
BAL-0100,Wahyu C.,46,Perempuan,97.13,-1.467,normal,Ya,3,2,1,2,3,3,2,7/7
BAL-0101,Erlangga C.,23,Perempuan,86.01,-0.1,normal,Tidak,1,1,2,3,,2,,5/7
BAL-0102,Qonita G.,31,Laki-Laki,97.1,1.731,tinggi,Tidak,1,1,3,1,1,1,1,7/7
BAL-0103,Adit E.,7,Laki-Laki,61.56,-3.123,severely stunted,Ya,5,1,1,3,2,4,3,7/7
BAL-0104,Vina F.,20,Perempuan,91.19,2.573,tinggi,Tidak,1,1,1,1,2,1,1,7/7
BAL-0105,Yusuf A.,20,Laki-Laki,75.43,-2.988,stunted,Tidak,4,1,2,3,2,3,5,7/7
BAL-0106,Bunga E.,46,Laki-Laki,99.36,-0.819,normal,Tidak,1,4,3,2,5,3,4,7/7
BAL-0107,Ahmad B.,6,Laki-Laki,67.65,0.021,normal,Tidak,1,1,1,1,2,2,2,7/7
BAL-0108,Ilham B.,7,Laki-Laki,66.85,-0.888,normal,Tidak,1,5,2,3,2,2,2,7/7
BAL-0109,Candra A.,0,Laki-Laki,48.67,-0.645,normal,Tidak,1,1,2,3,1,3,1,7/7
BAL-0110,Ahmad D.,47,Laki-Laki,87.4,-4.423,severely stunted,Tidak,5,4,1,3,2,,,5/7
BAL-0111,Dimas H.,48,Laki-Laki,107.45,1.185,tinggi,Tidak,1,1,1,2,1,1,5,7/7
BAL-0112,Hana C.,36,Perempuan,96.55,0.141,normal,Tidak,1,3,2,2,3,5,2,7/7
BAL-0113,Citra C.,40,Laki-Laki,91.03,-2.326,stunted,Ya,5,1,,3,,5,,4/7
BAL-0114,Vina G.,17,Laki-Laki,84.0,1.008,tinggi,Tidak,1,1,2,2,2,3,1,7/7
BAL-0115,Nabil A.,56,Laki-Laki,109.41,0.444,normal,Tidak,1,1,3,,,,2,4/7
BAL-0116,Joko A.,45,Perempuan,98.5,-0.911,normal,Tidak,1,3,1,5,2,2,1,7/7
BAL-0117,Zahra G.,20,Perempuan,76.79,-2.511,stunted,Tidak,4,4,3,3,5,3,3,7/7
BAL-0118,Wahyu D.,33,Laki-Laki,90.88,-0.862,normal,Tidak,1,3,,1,,4,,4/7
BAL-0119,Tirta H.,3,Laki-Laki,60.15,0.666,normal,Ya,2,1,3,3,1,2,1,7/7
BAL-0120,Indra D.,50,Laki-Laki,104.72,0.081,normal,Tidak,1,1,2,2,1,1,3,7/7
